COUNTY,PLACE
Rock Island,Reynolds
Rock Island,Andalusia
Rock Island,Carbon Cliff
Rock Island,Cordova
Rock Island,Hillsdale
Rock Island,Oak Grove
Rock Island,Port Byron
Rock Island,Rapids City
Rock Island,Silvis
Rock Island,Coal Valley
Rock Island,East Moline
Rock Island,Hampton
Rock Island,Milan
Rock Island,Moline
Rock Island,Rock Island
Rock Island,Barstow
Rock Island,Buffalo Prairie
Rock Island,Campbell's Island
Rock Island,Coyne Center
Rock Island,Edgington
Rock Island,Illinois City
Rock Island,Joslin
Rock Island,Rock Island Arsenal
Rock Island,Taylor Ridge
Boone,Caledonia
Boone,Rockford
Boone,Capron
Boone,Timberlane
Boone,Poplar Grove
Boone,Cherry Valley
Boone,Belvidere
Boone,Loves Park
Boone,Argyle
Boone,Candlewick Lake
Boone,Garden Prairie
Clinton,Beckemeyer
Clinton,Centralia
Clinton,Bartelso
Clinton,Trenton
Clinton,St. Rose
Clinton,Breese
Clinton,Albers
Clinton,Keyesport
Clinton,New Baden
Clinton,Wamac
Clinton,Carlyle
Clinton,Germantown
Clinton,Hoffman
Clinton,Aviston
Clinton,Damiansville
Clinton,Huey
Alexander,McClure
Alexander,Cairo
Alexander,East Cape Girardeau
Alexander,Thebes
Alexander,Tamms
Alexander,Olive Branch
Alexander,Unity
Washington,Centralia
Washington,Venedy
Washington,Tilden
Washington,St. Libory
Washington,Wamac
Washington,Radom
Washington,Ashley
Washington,Irvington
Washington,Okawville
Washington,Addieville
Washington,Du Bois
Washington,Nashville
Washington,New Minden
Washington,Oakdale
Washington,Richview
Washington,Hoyleton
Lake,Highland Park
Lake,Lake Bluff
Lake,Beach Park
Lake,Gurnee
Lake,Hainesville
Lake,Highwood
Lake,Kildeer
Lake,Libertyville
Lake,Long Grove
Lake,North Barrington
Lake,Old Mill Creek
Lake,Park City
Lake,Riverwoods
Lake,Round Lake Heights
Lake,Round Lake Park
Lake,Third Lake
Lake,Tower Lakes
Lake,Waukegan
Lake,Lakemoor
Lake,Lake Villa
Lake,Lincolnshire
Lake,Lindenhurst
Lake,Mundelein
Lake,North Chicago
Lake,Volo
Lake,Wadsworth
Lake,Wauconda
Lake,Zion
Lake,Antioch
Lake,Fox River Grove
Lake,Port Barrington
Lake,Green Oaks
Lake,Indian Creek
Lake,Island Lake
Lake,Round Lake Beach
Lake,Northbrook
Lake,Palatine
Lake,Glencoe
Lake,Hawthorn Woods
Lake,Lake Barrington
Lake,Lake Forest
Lake,Fox Lake
Lake,Arlington Heights
Lake,Barrington Hills
Lake,Deerfield
Lake,Deer Park
Lake,Wheeling
Lake,Lake Zurich
Lake,Mettawa
Lake,Vernon Hills
Lake,Winthrop Harbor
Lake,Grayslake
Lake,Round Lake
Lake,Buffalo Grove
Lake,Barrington
Lake,Bannockburn
Lake,Channel Lake
Lake,Forest Lake
Lake,Fox Lake Hills
Lake,Gages Lake
Lake,Grandwood Park
Lake,Knollwood
Lake,Lake Catherine
Lake,Long Lake
Lake,Pistakee Highlands
Lake,Venetian Village
Will,Oswego
Will,Lockport
Will,New Lenox
Will,Symerton
Will,Aurora
Will,Joliet
Will,Plainfield
Will,Crest Hill
Will,Elwood
Will,Manhattan
Will,Monee
Will,Peotone
Will,Beecher
Will,Shorewood
Will,Bolingbrook
Will,Crete
Will,Frankfort
Will,Lemont
Will,Minooka
Will,Mokena
Will,Romeoville
Will,Tinley Park
Will,University Park
Will,Wilmington
Will,Woodridge
Will,Homer Glen
Will,Rockdale
Will,Braidwood
Will,Channahon
Will,Coal City
Will,Diamond
Will,Godley
Will,Braceville
Will,Matteson
Will,Orland Park
Will,Park Forest
Will,Naperville
Will,Sauk Village
Will,Steger
Will,Richton Park
Will,Andres
Will,Arbury Hills
Will,Bonnie Brae
Will,Crystal Lawns
Will,Custer Park
Will,Eagle Lake
Will,Fairmont
Will,Frankfort Square
Will,Goodenow
Will,Ingalls Park
Will,Lakewood Shores
Will,Lockport Heights
Will,Lorenzo
Will,Marley
Will,Plum Valley
Will,Preston Heights
Will,Rest Haven
Will,Ridgewood
Will,Ritchie
Will,Sunnyland
Will,Willowbrook
Will,Wilton Center
Cook,Highland Park
Cook,Long Grove
Cook,Riverwoods
Cook,Hoffman Estates
Cook,Willow Springs
Cook,Lansing
Cook,Merrionette Park
Cook,Niles
Cook,Northbrook
Cook,North Riverside
Cook,Oak Forest
Cook,Palatine
Cook,Elmwood Park
Cook,Evanston
Cook,Evergreen Park
Cook,Flossmoor
Cook,Ford Heights
Cook,Forest Park
Cook,Forest View
Cook,Franklin Park
Cook,Glencoe
Cook,Glenwood
Cook,Harvey
Cook,Harwood Heights
Cook,Hazel Crest
Cook,Hickory Hills
Cook,Hillside
Cook,Hodgkins
Cook,Hometown
Cook,Homewood
Cook,Crete
Cook,Frankfort
Cook,Lemont
Cook,Romeoville
Cook,Tinley Park
Cook,University Park
Cook,Woodridge
Cook,Homer Glen
Cook,Orland Hills
Cook,Itasca
Cook,Prospect Heights
Cook,Arlington Heights
Cook,Barrington Hills
Cook,Bartlett
Cook,Bensenville
Cook,Calumet Park
Cook,Chicago Heights
Cook,Rolling Meadows
Cook,Schaumburg
Cook,Stickney
Cook,Stone Park
Cook,Streamwood
Cook,Deerfield
Cook,Deer Park
Cook,Des Plaines
Cook,East Dundee
Cook,Elk Grove Village
Cook,Glenview
Cook,Golf
Cook,Hanover Park
Cook,Hinsdale
Cook,Western Springs
Cook,Wilmette
Cook,Winnetka
Cook,Worth
Cook,Wheeling
Cook,Matteson
Cook,Orland Park
Cook,Park Forest
Cook,Indian Head Park
Cook,Wood Dale
Cook,East Hazel Crest
Cook,Inverness
Cook,Justice
Cook,Kenilworth
Cook,La Grange
Cook,La Grange Park
Cook,Lincolnwood
Cook,Sauk Village
Cook,Steger
Cook,Alsip
Cook,Bedford Park
Cook,Bellwood
Cook,Palos Park
Cook,Park Ridge
Cook,Phoenix
Cook,Posen
Cook,Richton Park
Cook,Riverdale
Cook,Berkeley
Cook,Berwyn
Cook,Blue Island
Cook,Bridgeview
Cook,Broadview
Cook,Brookfield
Cook,Lynwood
Cook,Lyons
Cook,McCook
Cook,Markham
Cook,Maywood
Cook,Buffalo Grove
Cook,River Forest
Cook,River Grove
Cook,Riverside
Cook,Robbins
Cook,Rosemont
Cook,Schiller Park
Cook,Skokie
Cook,Elgin
Cook,Barrington
Cook,Chicago
Cook,Elmhurst
Cook,Mount Prospect
Cook,Oak Lawn
Cook,Oak Brook
Cook,Burbank
Cook,Burnham
Cook,Calumet City
Cook,Chicago Ridge
Cook,Cicero
Cook,Melrose Park
Cook,Midlothian
Cook,Morton Grove
Cook,Norridge
Cook,Northfield
Cook,South Barrington
Cook,South Chicago Heights
Cook,South Holland
Cook,Summit
Cook,Thornton
Cook,Westchester
Cook,Roselle
Cook,Burr Ridge
Cook,Northlake
Cook,Oak Park
Cook,Olympia Fields
Cook,Palos Heights
Cook,Palos Hills
Cook,Country Club Hills
Cook,Countryside
Cook,Crestwood
Cook,Dixmoor
Cook,Dolton
Cook,Frankfort Square
Cook,Plum Valley
DuPage,Willow Springs
DuPage,Aurora
DuPage,Franklin Park
DuPage,Bolingbrook
DuPage,Lemont
DuPage,Woodridge
DuPage,Carol Stream
DuPage,Darien
DuPage,Downers Grove
DuPage,Itasca
DuPage,Oakbrook Terrace
DuPage,Warrenville
DuPage,Wayne
DuPage,Willowbrook
DuPage,Winfield
DuPage,Bartlett
DuPage,Bensenville
DuPage,Schaumburg
DuPage,Elk Grove Village
DuPage,Hanover Park
DuPage,Hinsdale
DuPage,Batavia
DuPage,St. Charles
DuPage,Naperville
DuPage,Addison
DuPage,Clarendon Hills
DuPage,Glendale Heights
DuPage,Glen Ellyn
DuPage,Lisle
DuPage,Villa Park
DuPage,West Chicago
DuPage,Wheaton
DuPage,Wood Dale
DuPage,Westmont
DuPage,Bloomingdale
DuPage,Lombard
DuPage,Berkeley
DuPage,Elgin
DuPage,Chicago
DuPage,Elmhurst
DuPage,Oak Brook
DuPage,Roselle
DuPage,Burr Ridge
DuPage,Northlake
DuPage,Geneva
Edwards,Albion
Edwards,Grayville
Edwards,Bone Gap
Edwards,Browns
Edwards,West Salem
Mason,San Jose
Mason,Kilbourne
Mason,Topeka
Mason,Bath
Mason,Easton
Mason,Forest City
Mason,Havana
Mason,Manito
Mason,Mason City
Mason,Goofy Ridge
Wabash,Allendale
Wabash,Bellmont
Wabash,Mount Carmel
Wabash,Keensburg
Wabash,Grayville
Wabash,Browns
Cumberland,Montrose
Cumberland,Greenup
Cumberland,Jewett
Cumberland,Neoga
Cumberland,Toledo
Cumberland,Casey
Cumberland,Janesville
Cumberland,Trilla
Menard,Athens
Menard,Greenview
Menard,Middletown
Menard,Oakford
Menard,Petersburg
Menard,Tallula
Menard,Lake Petersburg
Cass,Ashland
Cass,Chandlerville
Cass,Virginia
Cass,Arenzville
Cass,Beardstown
Moultrie,Allenville
Moultrie,Bethany
Moultrie,Lovington
Moultrie,Sullivan
Moultrie,Dalton City
Moultrie,Arthur
Moultrie,Hammond
Moultrie,Gays
Moultrie,Lake City
Moultrie,LaPlace
Pulaski,Karnak
Pulaski,Mound City
Pulaski,New Grand Chain
Pulaski,Olmsted
Pulaski,Pulaski
Pulaski,Ullin
Pulaski,Mounds
Pulaski,Cairo
Pulaski,Unity
Douglas,Atwood
Douglas,Arthur
Douglas,Arcola
Douglas,Tuscola
Douglas,Villa Grove
Douglas,Longview
Douglas,Camargo
Douglas,Garrett
Douglas,Hindsboro
Douglas,Newman
Lawrence,Russellville
Lawrence,St. Francisville
Lawrence,Bridgeport
Lawrence,Lawrenceville
Lawrence,Sumner
Monroe,Dupo
Monroe,Columbia
Monroe,Hecker
Monroe,Fults
Monroe,Maeystown
Monroe,Valmeyer
Monroe,Waterloo
Monroe,Red Bud
Warren,Galesburg
Warren,Avon
Warren,Prairie City
Warren,Alexis
Warren,Monmouth
Warren,Roseville
Warren,Kirkwood
Warren,Little York
Warren,Cameron
Scott,Bluffs
Scott,Exeter
Scott,Manchester
Scott,Winchester
Scott,Naples
Scott,Alsey
Scott,Glasgow
Scott,Florence
Scott,Valley City
Scott,Merritt
Scott,Oxville
Scott,Riggston
Piatt,Atwood
Piatt,Hammond
Piatt,Monticello
Piatt,Ivesdale
Piatt,Bement
Piatt,Cerro Gordo
Piatt,De Land
Piatt,Cisco
Piatt,Mansfield
Piatt,LaPlace
Piatt,White Heath
Jasper,Rose Hill
Jasper,Wheeler
Jasper,Newton
Jasper,Ste. Marie
Jasper,Yale
Jasper,Willow Hill
Jasper,Hidalgo
Jasper,West Liberty
Jefferson,Belle Rive
Jefferson,Centralia
Jefferson,Mount Vernon
Jefferson,Walnut Hill
Jefferson,Bonnie
Jefferson,Nason
Jefferson,Waltonville
Jefferson,Bluford
Jefferson,Ina
Jefferson,Woodlawn
Jefferson,Dix
Jefferson,Opdyke
Winnebago,New Milford
Winnebago,Pecatonica
Winnebago,Davis Junction
Winnebago,Winnebago
Winnebago,Durand
Winnebago,Rockford
Winnebago,Machesney Park
Winnebago,Cherry Valley
Winnebago,Rockton
Winnebago,Roscoe
Winnebago,Loves Park
Winnebago,South Beloit
Winnebago,Argyle
Winnebago,Lake Summerset
Winnebago,Westlake Village
Coles,Charleston
Coles,Ashmore
Coles,Lerna
Coles,Oakland
Coles,Mattoon
Coles,Humboldt
Coles,Janesville
Coles,Trilla
LaSalle,Spring Valley
LaSalle,Kangley
LaSalle,Lostant
LaSalle,Ransom
LaSalle,Millington
LaSalle,Wenona
LaSalle,Sandwich
LaSalle,Somonauk
LaSalle,Earlville
LaSalle,Naplate
LaSalle,North Utica
LaSalle,Oglesby
LaSalle,Rutland
LaSalle,Sheridan
LaSalle,Grand Ridge
LaSalle,LaSalle
LaSalle,Marseilles
LaSalle,Peru
LaSalle,Troy Grove
LaSalle,Tonica
LaSalle,Ottawa
LaSalle,Dalzell
LaSalle,Leland
LaSalle,Leonore
LaSalle,Mendota
LaSalle,Streator
LaSalle,Seneca
LaSalle,Minonk
LaSalle,Cedar Point
LaSalle,Dana
LaSalle,Dayton
LaSalle,Harding
LaSalle,Lake Holiday
LaSalle,Serena
LaSalle,Triumph
LaSalle,Wedron
Peoria,Mapleton
Peoria,Peoria Heights
Peoria,Creve Coeur
Peoria,East Peoria
Peoria,Bartonville
Peoria,Bellevue
Peoria,Brimfield
Peoria,Chillicothe
Peoria,Dunlap
Peoria,Glasford
Peoria,Hanna City
Peoria,Kingston Mines
Peoria,Princeville
Peoria,West Peoria
Peoria,Hopewell
Peoria,Farmington
Peoria,Elmwood
Peoria,Pekin
Peoria,Peoria
Peoria,Spring Bay
Peoria,Norwood
Peoria,Lake Camelot
Peoria,Mossville
Peoria,Rome
Peoria,Smithville
Peoria,Trivoli
Fayette,Herrick
Fayette,Mulberry Grove
Fayette,Ramsey
Fayette,Bingham
Fayette,Brownstown
Fayette,St. Peter
Fayette,Farina
Fayette,St. Elmo
Fayette,Vandalia
Fayette,La Clede
Hardin,Rosiclare
Hardin,Elizabethtown
Hardin,Cave-In-Rock
Whiteside,Albany
Whiteside,Erie
Whiteside,Fulton
Whiteside,Lyndon
Whiteside,Morrison
Whiteside,Prophetstown
Whiteside,Rock Falls
Whiteside,Tampico
Whiteside,Deer Grove
Whiteside,Sterling
Whiteside,Coleta
Whiteside,Como
Whiteside,Galt
Union,McClure
Union,Mill Creek
Union,Alto Pass
Union,Anna
Union,Cobden
Union,Jonesboro
Union,Makanda
Union,Dongola
Madison,Glen Carbon
Madison,Brooklyn
Madison,Pierron
Madison,Alton
Madison,Bethalto
Madison,East Alton
Madison,Hartford
Madison,Highland
Madison,Madison
Madison,Maryville
Madison,Roxana
Madison,Troy
Madison,Wood River
Madison,Staunton
Madison,Alhambra
Madison,Fairmont City
Madison,Godfrey
Madison,Grantfork
Madison,Hamel
Madison,Livingston
Madison,Marine
Madison,New Douglas
Madison,Pontoon Beach
Madison,St. Jacob
Madison,South Roxana
Madison,Williamson
Madison,Worden
Madison,Edwardsville
Madison,Granite City
Madison,Venice
Madison,Collinsville
Madison,Holiday Shores
Madison,Mitchell
Madison,Moro
Madison,Prairietown
Madison,Rosewood Heights
Ford,Kempton
Ford,Melvin
Ford,Cabery
Ford,Elliott
Ford,Gibson City
Ford,Paxton
Ford,Piper City
Ford,Roberts
Ford,Sibley
Shelby,Moweaqua
Shelby,Cowden
Shelby,Herrick
Shelby,Shelbyville
Shelby,Stewardson
Shelby,Oconee
Shelby,Findlay
Shelby,Tower Hill
Shelby,Pana
Shelby,Sigel
Shelby,Strasburg
Shelby,Windsor
Shelby,Lakewood
Shelby,Westervelt
Macoupin,Virden
Macoupin,Palmyra
Macoupin,Hettick
Macoupin,Chesterfield
Macoupin,Carlinville
Macoupin,Staunton
Macoupin,Modesto
Macoupin,Royal Lakes
Macoupin,Dorchester
Macoupin,Williamson
Macoupin,Benld
Macoupin,Bunker Hill
Macoupin,Eagarville
Macoupin,East Gillespie
Macoupin,Gillespie
Macoupin,Girard
Macoupin,Lake Ka-Ho
Macoupin,Medora
Macoupin,Mount Clare
Macoupin,Mount Olive
Macoupin,Nilwood
Macoupin,Sawyerville
Macoupin,Scottville
Macoupin,Shipman
Macoupin,Standard City
Macoupin,White City
Macoupin,Wilsonville
Macoupin,Brighton
Stark,La Fayette
Stark,Bradford
Stark,Toulon
Stark,Wyoming
Morgan,Jacksonville
Morgan,Chapin
Morgan,Concord
Morgan,Franklin
Morgan,Meredosia
Morgan,Murrayville
Morgan,South Jacksonville
Morgan,Woodson
Morgan,Arenzville
Morgan,Lynnville
Morgan,Waverly
Morgan,Alexander
Morgan,Literberry
Franklin,Royalton
Franklin,West Frankfort
Franklin,Benton
Franklin,Macedonia
Franklin,Freeman Spur
Franklin,Christopher
Franklin,Ewing
Franklin,Hanaford
Franklin,North City
Franklin,Orient
Franklin,Sesser
Franklin,Thompsonville
Franklin,Valier
Franklin,West City
Franklin,Zeigler
Franklin,Buckner
Franklin,Ina
Franklin,Mulkeytown
Putnam,Magnolia
Putnam,Granville
Putnam,Hennepin
Putnam,McNabb
Putnam,Mark
Putnam,Standard
Putnam,Henry
Putnam,De Pue
Johnson,Karnak
Johnson,Cypress
Johnson,Belknap
Johnson,Buncombe
Johnson,Goreville
Johnson,New Burnside
Johnson,Simpson
Johnson,Vienna
Hancock,Pontoosuc
Hancock,Ferris
Hancock,Basco
Hancock,Augusta
Hancock,Bentley
Hancock,Bowen
Hancock,Carthage
Hancock,Dallas City
Hancock,Elvaston
Hancock,Hamilton
Hancock,La Harpe
Hancock,Nauvoo
Hancock,Plymouth
Hancock,Warsaw
Hancock,West Point
Hancock,Niota
Ogle,Adeline
Ogle,Creston
Ogle,Davis Junction
Ogle,Mount Morris
Ogle,Stillman Valley
Ogle,Rockford
Ogle,Leaf River
Ogle,Rochelle
Ogle,Forreston
Ogle,Hillcrest
Ogle,Monroe Center
Ogle,Oregon
Ogle,Polo
Ogle,Byron
Ogle,Baileyville
Ogle,Grand Detour
Ogle,Holcomb
Ogle,Kings
Ogle,Lost Nation
Hamilton,Broughton
Hamilton,Belle Prairie City
Hamilton,Dahlgren
Hamilton,McLeansboro
Hamilton,Macedonia
Pike,New Salem
Pike,Meredosia
Pike,Detroit
Pike,Baylis
Pike,Florence
Pike,Griggsville
Pike,Kinderhook
Pike,New Canton
Pike,Perry
Pike,Pittsfield
Pike,Valley City
Pike,Time
Pike,El Dara
Pike,Pearl
Pike,Barry
Pike,Hull
Pike,Milton
Pike,Nebo
Pike,Pleasant Hill
Pike,Rockport
Schuyler,Ripley
Schuyler,Browning
Schuyler,Camden
Schuyler,Littleton
Schuyler,Rushville
Clay,Flora
Clay,Louisville
Clay,Sailor Springs
Clay,Xenia
Clay,Edgewood
Clay,Iola
Clay,Clay City
Kendall,Montgomery
Kendall,Oswego
Kendall,Plano
Kendall,Yorkville
Kendall,Aurora
Kendall,Joliet
Kendall,Plainfield
Kendall,Millington
Kendall,Minooka
Kendall,Millbrook
Kendall,Sandwich
Kendall,Newark
Kendall,Lisbon
Kendall,Plattville
Kendall,Boulder Hill
Lee,Rochelle
Lee,Lee
Lee,Amboy
Lee,Ashton
Lee,Dixon
Lee,Harmon
Lee,Steward
Lee,Sublette
Lee,Nelson
Lee,Compton
Lee,Franklin Grove
Lee,Paw Paw
Lee,West Brooklyn
Lee,Lee Center
Lee,Lost Nation
Lee,Nachusa
Champaign,Philo
Champaign,Royal
Champaign,St. Joseph
Champaign,Sidney
Champaign,Thomasboro
Champaign,Tolono
Champaign,Sadorus
Champaign,Bondville
Champaign,Broadlands
Champaign,Fisher
Champaign,Foosland
Champaign,Gifford
Champaign,Homer
Champaign,Ludlow
Champaign,Villa Grove
Champaign,Allerton
Champaign,Champaign
Champaign,Longview
Champaign,Urbana
Champaign,Mahomet
Champaign,Rantoul
Champaign,Ogden
Champaign,Pesotum
Champaign,Savoy
Champaign,Ivesdale
Champaign,Dewey
Champaign,Lake of the Woods
Champaign,Penfield
Champaign,Seymour
Henderson,Dallas City
Henderson,Biggsville
Henderson,Gladstone
Henderson,Gulfport
Henderson,Lomax
Henderson,Oquawka
Henderson,Raritan
Henderson,Stronghurst
Henderson,Media
Henderson,Carman
Iroquois,Sheldon
Iroquois,Chebanse
Iroquois,Beaverville
Iroquois,Donovan
Iroquois,Martinton
Iroquois,Thawville
Iroquois,Watseka
Iroquois,Ashkum
Iroquois,Buckley
Iroquois,Wellington
Iroquois,Woodland
Iroquois,Cissna Park
Iroquois,Clifton
Iroquois,Crescent City
Iroquois,Danforth
Iroquois,Gilman
Iroquois,Iroquois
Iroquois,Loda
Iroquois,Milford
Iroquois,Onarga
Iroquois,Papineau
Christian,Moweaqua
Christian,Harvel
Christian,Kincaid
Christian,Morrisonville
Christian,Mount Auburn
Christian,Palmer
Christian,Pana
Christian,Stonington
Christian,Assumption
Christian,Bulpitt
Christian,Edinburg
Christian,Jeisyville
Christian,Tovey
Christian,Ohlman
Christian,Taylorville
Christian,Owaneco
Christian,Langleyville
Kankakee,Cabery
Kankakee,Chebanse
Kankakee,Aroma Park
Kankakee,Buckingham
Kankakee,Essex
Kankakee,Grant Park
Kankakee,Momence
Kankakee,Sun River Terrace
Kankakee,Union Hill
Kankakee,Manteno
Kankakee,Bradley
Kankakee,Reddick
Kankakee,Herscher
Kankakee,Hopkins Park
Kankakee,Irwin
Kankakee,St. Anne
Kankakee,Limestone
Kankakee,Bonfield
Kankakee,Sammons Point
Kankakee,Bourbonnais
Kankakee,Kankakee
Pope,Eddyville
Pope,Golconda
Vermilion,Belgium
Vermilion,Bismarck
Vermilion,Fairmount
Vermilion,Hoopeston
Vermilion,Muncie
Vermilion,Oakwood
Vermilion,Potomac
Vermilion,Tilton
Vermilion,Westville
Vermilion,Georgetown
Vermilion,Sidell
Vermilion,Allerton
Vermilion,Rankin
Vermilion,Alvin
Vermilion,Danville
Vermilion,Indianola
Vermilion,Fithian
Vermilion,Catlin
Vermilion,Rossville
Vermilion,Ridge Farm
Vermilion,Henning
Vermilion,East Lynn
Vermilion,Olivet
Crawford,Robinson
Crawford,Flat Rock
Crawford,Hutsonville
Crawford,Oblong
Crawford,Palestine
Crawford,Stoy
Crawford,Annapolis
Crawford,West York
McLean,Normal
McLean,Carlock
McLean,Chenoa
McLean,Colfax
McLean,Cooksville
McLean,Downs
McLean,Gridley
McLean,Hudson
McLean,Le Roy
McLean,Lexington
McLean,Saybrook
McLean,Stanford
McLean,Towanda
McLean,Heyworth
McLean,Arrowsmith
McLean,Bellflower
McLean,Anchor
McLean,El Paso
McLean,Bloomington
McLean,Danvers
McLean,Ellsworth
McLean,McLean
McLean,Shirley
McLean,Twin Grove
Kane,Hoffman Estates
Kane,Montgomery
Kane,Plano
Kane,Yorkville
Kane,Algonquin
Kane,Aurora
Kane,Big Rock
Kane,Gilberts
Kane,Wayne
Kane,Campton Hills
Kane,Maple Park
Kane,Barrington Hills
Kane,Bartlett
Kane,East Dundee
Kane,Burlington
Kane,Elburn
Kane,Batavia
Kane,St. Charles
Kane,West Chicago
Kane,Kaneville
Kane,North Aurora
Kane,Pingree Grove
Kane,Sleepy Hollow
Kane,Virgil
Kane,West Dundee
Kane,Carpentersville
Kane,Lily Lake
Kane,Hampshire
Kane,South Elgin
Kane,Sugar Grove
Kane,Huntley
Kane,Elgin
Kane,Geneva
Kane,Harmony
Kane,Prestbury
Randolph,Willisville
Randolph,Baldwin
Randolph,Coulterville
Randolph,Ellis Grove
Randolph,Chester
Randolph,Tilden
Randolph,Evansville
Randolph,Kaskaskia
Randolph,Percy
Randolph,Prairie du Rocher
Randolph,Red Bud
Randolph,Rockwood
Randolph,Ruma
Randolph,Steeleville
Randolph,Sparta
Sangamon,Buffalo
Sangamon,Ashland
Sangamon,Virden
Sangamon,Auburn
Sangamon,Clear Lake
Sangamon,Curran
Sangamon,Dawson
Sangamon,Divernon
Sangamon,Illiopolis
Sangamon,Jerome
Sangamon,Loami
Sangamon,New Berlin
Sangamon,Pawnee
Sangamon,Riverton
Sangamon,Rochester
Sangamon,Sherman
Sangamon,Southern View
Sangamon,Springfield
Sangamon,Williamsville
Sangamon,Cantrall
Sangamon,Chatham
Sangamon,Pleasant Plains
Sangamon,Berlin
Sangamon,Mechanicsburg
Sangamon,Grandview
Sangamon,Leland Grove
Sangamon,Thayer
Sangamon,Spaulding
Bureau,Bureau Junction
Bureau,New Bedford
Bureau,Ohio
Bureau,Seatonville
Bureau,Sheffield
Bureau,Tiskilwa
Bureau,Walnut
Bureau,Wyanet
Bureau,Spring Valley
Bureau,Hennepin
Bureau,Annawan
Bureau,Peru
Bureau,Arlington
Bureau,Cherry
Bureau,Dalzell
Bureau,De Pue
Bureau,Dover
Bureau,Ladd
Bureau,La Moille
Bureau,Malden
Bureau,Manlius
Bureau,Neponset
Bureau,Buda
Bureau,Hollowayville
Bureau,Mineral
Bureau,Princeton
Grundy,Minooka
Grundy,Braidwood
Grundy,Kinsman
Grundy,East Brooklyn
Grundy,Channahon
Grundy,Coal City
Grundy,Diamond
Grundy,Godley
Grundy,Braceville
Grundy,Carbon Hill
Grundy,Dwight
Grundy,Gardner
Grundy,Mazon
Grundy,Morris
Grundy,Seneca
Grundy,South Wilmington
Grundy,Verona
Knox,Knoxville
Knox,London Mills
Knox,Maquon
Knox,Oneida
Knox,Victoria
Knox,Williamsfield
Knox,St. Augustine
Knox,Altona
Knox,Henderson
Knox,Galesburg
Knox,Rio
Knox,East Galesburg
Knox,Abingdon
Knox,Wataga
Knox,Yates City
Knox,Gilson
Knox,Oak Run
Calhoun,Batchtown
Calhoun,Brussels
Calhoun,Hardin
Calhoun,Kampsville
Calhoun,Hamburg
Carroll,Lanark
Carroll,Mount Carroll
Carroll,Savanna
Carroll,Thomson
Carroll,Chadwick
Carroll,Milledgeville
Carroll,Shannon
Carroll,Lake Carroll
Perry,Willisville
Perry,Cutler
Perry,Du Quoin
Perry,Pinckneyville
Perry,St. Johns
Perry,Tamaroa
Perry,Du Bois
Gallatin,Junction
Gallatin,Equality
Gallatin,New Haven
Gallatin,Omaha
Gallatin,Ridgway
Gallatin,Shawneetown
Gallatin,Old Shawneetown
Massac,Metropolis
Massac,Brookport
Massac,Joppa
Logan,Broadwell
Logan,New Holland
Logan,Williamsville
Logan,Atlanta
Logan,Elkhart
Logan,Emden
Logan,Hartsburg
Logan,Latham
Logan,Middletown
Logan,Mount Pulaski
Logan,San Jose
Logan,Lincoln
Logan,Beason
Logan,Chestnut
Logan,Cornland
Woodford,Peoria Heights
Woodford,Deer Creek
Woodford,Goodfield
Woodford,Benson
Woodford,Washburn
Woodford,Germantown Hills
Woodford,Panola
Woodford,Congerville
Woodford,Peoria
Woodford,Minonk
Woodford,Roanoke
Woodford,Secor
Woodford,Spring Bay
Woodford,El Paso
Woodford,Bay View Gardens
Woodford,Eureka
Woodford,Kappa
Woodford,Metamora
Woodford,Lowpoint
Woodford,Rome
Tazewell,Peoria Heights
Tazewell,Creve Coeur
Tazewell,Deer Creek
Tazewell,Delavan
Tazewell,East Peoria
Tazewell,Goodfield
Tazewell,Green Valley
Tazewell,Bartonville
Tazewell,Kingston Mines
Tazewell,Marquette Heights
Tazewell,Minier
Tazewell,South Pekin
Tazewell,Tremont
Tazewell,Pekin
Tazewell,Peoria
Tazewell,Morton
Tazewell,North Pekin
Tazewell,Washington
Tazewell,Manito
Tazewell,Hopedale
Tazewell,Mackinaw
Tazewell,Armington
Tazewell,Heritage Lake
Clark,Martinsville
Clark,Westfield
Clark,Marshall
Clark,Casey
Clark,West Union
Clark,West York
Bond,Greenville
Bond,Mulberry Grove
Bond,Old Ripley
Bond,Pierron
Bond,Pocahontas
Bond,Smithboro
Bond,Sorento
Bond,Donnellson
Bond,Panama
Bond,Keyesport
Stephenson,German Valley
Stephenson,Ridott
Stephenson,Cedarville
Stephenson,Davis
Stephenson,Orangeville
Stephenson,Rock City
Stephenson,Winslow
Stephenson,Freeport
Stephenson,Pearl City
Stephenson,Dakota
Stephenson,Lena
Stephenson,Baileyville
Stephenson,Lake Carroll
Stephenson,Lake Summerset
Stephenson,Willow Lake
Edgar,Paris
Edgar,Kansas
Edgar,Redmon
Edgar,Brocton
Edgar,Chrisman
Edgar,Hume
Edgar,Metcalf
Edgar,Vermilion
Jo Daviess,Apple River
Jo Daviess,Galena
Jo Daviess,Hanover
Jo Daviess,Nora
Jo Daviess,East Dubuque
Jo Daviess,Elizabeth
Jo Daviess,Menominee
Jo Daviess,Scales Mound
Jo Daviess,Stockton
Jo Daviess,Warren
Jo Daviess,Apple Canyon Lake
Jo Daviess,The Galena Territory
Livingston,Odell
Livingston,Chenoa
Livingston,Gridley
Livingston,Chatsworth
Livingston,Long Point
Livingston,Reddick
Livingston,Cornell
Livingston,Cullom
Livingston,Emington
Livingston,Fairbury
Livingston,Flanagan
Livingston,Saunemin
Livingston,Strawn
Livingston,Pontiac
Livingston,Streator
Livingston,Campus
Livingston,Dwight
Livingston,Forrest
Wayne,Keenes
Wayne,Cisne
Wayne,Jeffersonville
Wayne,Johnsonville
Wayne,Mount Erie
Wayne,Wayne City
Wayne,Mill Shoals
Wayne,Fairfield
Wayne,Golden Gate
Wayne,Sims
Richland,Noble
Richland,Calhoun
Richland,Claremont
Richland,Parkersburg
Richland,Olney
Richland,Sumner
Richland,Dundas
Richland,West Liberty
Macon,Dalton City
Macon,Decatur
Macon,Macon
Macon,Blue Mound
Macon,Niantic
Macon,Oreana
Macon,Argenta
Macon,Forsyth
Macon,Harristown
Macon,Long Creek
Macon,Maroa
Macon,Mount Zion
Macon,Warrensburg
Macon,Cerro Gordo
Macon,Boody
Macon,Elwin
De Witt,De Witt
De Witt,Farmer City
De Witt,Kenney
De Witt,Wapella
De Witt,Weldon
De Witt,Clinton
De Witt,Waynesville
De Witt,Maroa
De Witt,Lane
McDonough,Plymouth
McDonough,Blandinsville
McDonough,Bushnell
McDonough,Colchester
McDonough,Industry
McDonough,Prairie City
McDonough,Sciota
McDonough,Tennessee
McDonough,Bardolph
McDonough,Good Hope
McDonough,Macomb
McDonough,Adair
McDonough,Georgetown
Mercer,Reynolds
Mercer,Seaton
Mercer,Matherville
Mercer,North Henderson
Mercer,Viola
Mercer,Windsor
Mercer,Joy
Mercer,Aledo
Mercer,Alexis
Mercer,Keithsburg
Mercer,New Boston
Mercer,Sherrard
Mercer,Buffalo Prairie
Mercer,Cable
Mercer,Eliza
Mercer,Hamlet
Mercer,Millersburg
Mercer,Preemption
Mercer,Swedona
Fulton,Marietta
Fulton,London Mills
Fulton,Astoria
Fulton,Avon
Fulton,Bryant
Fulton,Cuba
Fulton,Dunfermline
Fulton,Fairview
Fulton,Farmington
Fulton,Ipava
Fulton,Lewistown
Fulton,Liverpool
Fulton,St. David
Fulton,Smithfield
Fulton,Vermont
Fulton,Banner
Fulton,Canton
Fulton,Ellisville
Fulton,Norris
Fulton,Table Grove
Fulton,Havana
Jackson,Carbondale
Jackson,Elkville
Jackson,Murphysboro
Jackson,Cambria
Jackson,Hurst
Jackson,Ava
Jackson,Dowell
Jackson,Campbell Hill
Jackson,De Soto
Jackson,Gorham
Jackson,Grand Tower
Jackson,Makanda
Jackson,Vergennes
Jackson,Harrison
Montgomery,Harvel
Montgomery,Waggoner
Montgomery,Hillsboro
Montgomery,Litchfield
Montgomery,Sorento
Montgomery,Wenonah
Montgomery,Donnellson
Montgomery,Panama
Montgomery,Butler
Montgomery,Coalton
Montgomery,Coffeen
Montgomery,Farmersville
Montgomery,Irving
Montgomery,Nokomis
Montgomery,Ohlman
Montgomery,Raymond
Montgomery,Schram City
Montgomery,Taylor Springs
Montgomery,Walshville
Montgomery,Witt
Montgomery,Fillmore
Jersey,Fieldon
Jersey,Godfrey
Jersey,Fidelity
Jersey,Otterville
Jersey,Medora
Jersey,Brighton
Jersey,Elsah
Jersey,Grafton
Jersey,Jerseyville
McHenry,Crystal Lake
McHenry,Lakemoor
McHenry,Fox River Grove
McHenry,Algonquin
McHenry,Holiday Hills
McHenry,Lakewood
McHenry,McCullom Lake
McHenry,Marengo
McHenry,Oakwood Hills
McHenry,Trout Valley
McHenry,Union
McHenry,Woodstock
McHenry,Port Barrington
McHenry,Island Lake
McHenry,Gilberts
McHenry,Lake Barrington
McHenry,Lake in the Hills
McHenry,Fox Lake
McHenry,Bull Valley
McHenry,Hebron
McHenry,Greenwood
McHenry,Ringwood
McHenry,Barrington Hills
McHenry,Hampshire
McHenry,Huntley
McHenry,Cary
McHenry,Harvard
McHenry,Johnsburg
McHenry,McHenry
McHenry,Prairie Grove
McHenry,Richmond
McHenry,Spring Grove
McHenry,Wonder Lake
McHenry,Alden
McHenry,Big Foot Prairie
McHenry,Burtons Bridge
McHenry,Chemung
McHenry,Coral
McHenry,Franklinville
McHenry,Garden Prairie
McHenry,Harmony
McHenry,Hartland
McHenry,Lawrence
McHenry,Pistakee Highlands
McHenry,Ridgefield
McHenry,Riley
McHenry,Solon Mills
Effingham,Edgewood
Effingham,Altamont
Effingham,Dieterich
Effingham,Mason
Effingham,Montrose
Effingham,Teutopolis
Effingham,Watson
Effingham,Beecher City
Effingham,Effingham
Effingham,Shumway
Saline,Eldorado
Saline,Galatia
Saline,Stonefort
Saline,Harrisburg
Saline,Carrier Mills
Saline,Muddy
Saline,Raleigh
Henry,Geneseo
Henry,Kewanee
Henry,Woodhull
Henry,Orion
Henry,Bishop Hill
Henry,Colona
Henry,Hooppole
Henry,Cleveland
Henry,Annawan
Henry,Atkinson
Henry,Andover
Henry,Alpha
Henry,Cambridge
Henry,Coal Valley
Henry,Galva
Henry,Windsor
Henry,Lynn Center
Henry,Nekoma
Henry,Ophiem
Henry,Osco
Greene,Hardin
Greene,Kampsville
Greene,Rockbridge
Greene,Pearl
Greene,Carrollton
Greene,Eldred
Greene,Greenfield
Greene,Kane
Greene,Roodhouse
Greene,White Hall
Greene,Hillview
Greene,Wilmington
St. Clair,Alorton
St. Clair,Brooklyn
St. Clair,Cahokia
St. Clair,Dupo
St. Clair,East Carondelet
St. Clair,Lebanon
St. Clair,Lenzburg
St. Clair,Columbia
St. Clair,Hecker
St. Clair,East St. Louis
St. Clair,Fayetteville
St. Clair,Freeburg
St. Clair,Mascoutah
St. Clair,Millstadt
St. Clair,O'Fallon
St. Clair,Smithton
St. Clair,Swansea
St. Clair,Centreville
St. Clair,Belleville
St. Clair,Marissa
St. Clair,New Athens
St. Clair,St. Libory
St. Clair,Sauget
St. Clair,Summerfield
St. Clair,Washington Park
St. Clair,Shiloh
St. Clair,New Baden
St. Clair,Madison
St. Clair,Fairmont City
St. Clair,Caseyville
St. Clair,Fairview Heights
St. Clair,Venice
St. Clair,Collinsville
St. Clair,Darmstadt
St. Clair,Floraville
St. Clair,Paderborn
St. Clair,Rentchler
St. Clair,Scott AFB
Williamson,Carbondale
Williamson,Johnston City
Williamson,Stonefort
Williamson,Cambria
Williamson,Carterville
Williamson,Herrin
Williamson,Spillertown
Williamson,Marion
Williamson,Freeman Spur
Williamson,Bush
Williamson,Colp
Williamson,Crainville
Williamson,Creal Springs
Williamson,Energy
Williamson,Hurst
Williamson,Pittsburg
Williamson,Blairsville
Williamson,Crab Orchard
Williamson,Whiteash
DeKalb,Sycamore
DeKalb,Sandwich
DeKalb,Lee
DeKalb,Cortland
DeKalb,DeKalb
DeKalb,Genoa
DeKalb,Hinckley
DeKalb,Kingston
DeKalb,Kirkland
DeKalb,Malta
DeKalb,Somonauk
DeKalb,Waterman
DeKalb,Shabbona
DeKalb,Maple Park
DeKalb,Lake Holiday
Brown,Versailles
Brown,Mound Station
Brown,Mount Sterling
Brown,Ripley
Marion,Centralia
Marion,Alma
Marion,Central City
Marion,Iuka
Marion,Junction City
Marion,Kinmundy
Marion,Odin
Marion,Patoka
Marion,Sandoval
Marion,Walnut Hill
Marion,Wamac
Marion,Farina
Marion,Kell
Marion,Salem
Marion,Vernon
Adams,Camp Point
Adams,Columbus
Adams,Golden
Adams,La Prairie
Adams,Liberty
Adams,Lima
Adams,Loraine
Adams,Mendon
Adams,Payson
Adams,Ursa
Adams,Clayton
Adams,Coatsburg
Adams,Plainville
Adams,Quincy
Adams,Adams
Adams,Beverly
Adams,Bloomfield
Adams,Burton
Adams,Fall Creek
Adams,Fowler
Adams,Kingston
Adams,Marcelline
Adams,Meyer
Adams,Paloma
Adams,Richfield
White,New Haven
White,Burnt Prairie
White,Crossville
White,Enfield
White,Maunie
White,Mill Shoals
White,Norris City
White,Springerton
White,Carmi
White,Grayville
White,Phillipstown
Marshall,Lostant
Marshall,Henry
Marshall,Lacon
Marshall,Sparland
Marshall,Toluca
Marshall,Varna
Marshall,Washburn
Marshall,Wenona
Marshall,La Rose
Marshall,Hopewell
Marshall,Rutland
Marshall,Minonk
